{
  "DeathAsKeyTest": {
    "living_state": [
      1.0,
      2.0,
      4.0,
      3.0,
      5.0
    ],
    "death_state": [
      -0.820503649118366,
      -2.5168423063226486,
      -3.865295710818697,
      -2.6654406315517822,
      -4.378872461421086
    ],
    "emerged_life": [
      -0.13762397217302258,
      0.5480008172895142,
      1.9365736759535164,
      1.2467415568219113,
      2.632221494338306
    ],
    "similarity": 0.9999965123573094,
    "confirmed": true
  },
  "UntruthClosureTest": {
    "iterations": 50,
    "singularity_point": [
      -0.01819124164813333,
      -0.42446668673404875,
      0.8263418110392953,
      -1.0172606191096656,
      -0.3961997360610362
    ],
    "convergence_rate": 0.3704927130275803,
    "confirmed": false
  },
  "TimeAsMoleculeTest": {
    "circularity": 0.35,
    "O_passivity": 0.3333333333333333,
    "cycle_pattern": [
      3.0,
      3.0,
      3.0,
      3.0,
      3.0
    ],
    "confirmed": false
  },
  "HistoryWeightTest": {
    "num1_weight": 1.1500000000000001,
    "num2_weight": 1.65,
    "weight_difference": 0.4999999999999998,
    "physics_emergent": {
      "mass": 4,
      "velocity": 3640.648707203344,
      "time": 9.942054748535156e-05
    },
    "confirmed": true
  },
  "AdaptiveMathTest": {
    "classic_result": 2,
    "adaptive_mean": 2.0000000000000004,
    "adaptive_std": 0.9428090415820635,
    "tolerance_compliance": 60.0,
    "simplicity_score": 0.942809041582063,
    "confirmed": false
  },
  "MinusOneEqualsInfinityTest": {
    "sacrifice": -1,
    "unfolded_infinity": 383375999244747512217600000000000000000000,
    "polarity_balance": {
      "balance_point": 0.0,
      "movement": 2,
      "O_achieved": true
    },
    "confirmed": true
  }
}