{
  "basic": {
    "sum": 15,
    "mean": 3.0,
    "std": 1.4142135623730951,
    "median": 3.0,
    "min": 1,
    "max": 5,
    "range": 4,
    "product": 120
  },
  "patterns": {
    "differences": [
      1,
      2,
      -1,
      2
    ],
    "parity": {
      "even": [
        2,
        4
      ],
      "odd": [
        1,
        3,
        5
      ]
    },
    "position_matches": 3,
    "fibonacci_overlap": [
      1,
      2,
      3,
      5
    ],
    "golden_ratio_proximity": 0.013867322083228162
  },
  "recursive": {
    "self_similarity_squared": 0.5423261445466404,
    "self_sum": [
      2,
      4,
      8,
      6,
      10
    ],
    "cyclic_correlations": "varied"
  },
  "physics": {
    "factorial_connection": true,
    "entropy": 2.1492553971685
  },
  "generative": {
    "generates_fibonacci": false,
    "contains_primes": 3,
    "contains_powers_of_2": 3
  },
  "cyclic": {
    "is_cyclic": true,
    "attractor_strength": 0.27240926499805135
  },
  "uniqueness": {
    "O_score": 0.7999999999999999,
    "is_optimal": true
  }
}